"Country or Area","Subgroup","Year","Source","Unit","Value","Value Footnotes"
"Afghanistan","Female 15-49 yr","2000","WHO_Reproductive Health Indicators Database_Jul2007 (International estimate)","Maternal deaths per 100,000 live births","1900",""
"Albania","Female 15-49 yr","2000","WHO_Reproductive Health Indicators Database_Jul2007 (International estimate)","Maternal deaths per 100,000 live births","55",""
"Algeria","Female 15-49 yr","2000","WHO_Reproductive Health Indicators Database_Jul2007 (International estimate)","Maternal deaths per 100,000 live births","140",""
"Angola","Female 15-49 yr","2000","WHO_Reproductive Health Indicators Database_Jul2007 (International estimate)","Maternal deaths per 100,000 live births","1700",""
"Argentina","Female 15-49 yr","2000","WHO_Reproductive Health Indicators Database_Jul2007 (International estimate)","Maternal deaths per 100,000 live births","82",""
"Armenia","Female 15-49 yr","2000","WHO_Reproductive Health Indicators Database_Jul2007 (International estimate)","Maternal deaths per 100,000 live births","55",""
"Australia","Female 15-49 yr","2000","WHO_Reproductive Health Indicators Database_Jul2007 (International estimate)","Maternal deaths per 100,000 live births","8",""
"Austria","Female 15-49 yr","2000","WHO_Reproductive Health Indicators Database_Jul2007 (International estimate)","Maternal deaths per 100,000 live births","4",""
"Azerbaijan","Female 15-49 yr","2000","WHO_Reproductive Health Indicators Database_Jul2007 (International estimate)","Maternal deaths per 100,000 live births","94",""
"Bahamas","Female 15-49 yr","2000","WHO_Reproductive Health Indicators Database_Jul2007 (International estimate)","Maternal deaths per 100,000 live births","60",""
"Bahrain","Female 15-49 yr","2000","WHO_Reproductive Health Indicators Database_Jul2007 (International estimate)","Maternal deaths per 100,000 live births","28",""
"Bangladesh","Female 15-49 yr","2000","WHO_Reproductive Health Indicators Database_Jul2007 (International estimate)","Maternal deaths per 100,000 live births","380",""
"Barbados","Female 15-49 yr","2000","WHO_Reproductive Health Indicators Database_Jul2007 (International estimate)","Maternal deaths per 100,000 live births","95",""
"Belarus","Female 15-49 yr","2000","WHO_Reproductive Health Indicators Database_Jul2007 (International estimate)","Maternal deaths per 100,000 live births","35",""
"Belgium","Female 15-49 yr","2000","WHO_Reproductive Health Indicators Database_Jul2007 (International estimate)","Maternal deaths per 100,000 live births","10",""
"Belize","Female 15-49 yr","2000","WHO_Reproductive Health Indicators Database_Jul2007 (International estimate)","Maternal deaths per 100,000 live births","140",""
"Benin","Female 15-49 yr","2000","WHO_Reproductive Health Indicators Database_Jul2007 (International estimate)","Maternal deaths per 100,000 live births","850",""
"Bhutan","Female 15-49 yr","2000","WHO_Reproductive Health Indicators Database_Jul2007 (International estimate)","Maternal deaths per 100,000 live births","420",""
"Bolivia","Female 15-49 yr","2000","WHO_Reproductive Health Indicators Database_Jul2007 (International estimate)","Maternal deaths per 100,000 live births","420",""
"Bosnia and Herzegovina","Female 15-49 yr","2000","WHO_Reproductive Health Indicators Database_Jul2007 (International estimate)","Maternal deaths per 100,000 live births","31",""
"Botswana","Female 15-49 yr","2000","WHO_Reproductive Health Indicators Database_Jul2007 (International estimate)","Maternal deaths per 100,000 live births","100",""
"Brazil","Female 15-49 yr","2000","WHO_Reproductive Health Indicators Database_Jul2007 (International estimate)","Maternal deaths per 100,000 live births","260",""
"Brunei","Female 15-49 yr","2000","WHO_Reproductive Health Indicators Database_Jul2007 (International estimate)","Maternal deaths per 100,000 live births","37",""
"Bulgaria","Female 15-49 yr","2000","WHO_Reproductive Health Indicators Database_Jul2007 (International estimate)","Maternal deaths per 100,000 live births","32",""
"Burkina Faso","Female 15-49 yr","2000","WHO_Reproductive Health Indicators Database_Jul2007 (International estimate)","Maternal deaths per 100,000 live births","1000",""
"Burundi","Female 15-49 yr","2000","WHO_Reproductive Health Indicators Database_Jul2007 (International estimate)","Maternal deaths per 100,000 live births","1000",""
"Cambodia","Female 15-49 yr","2000","WHO_Reproductive Health Indicators Database_Jul2007 (International estimate)","Maternal deaths per 100,000 live births","450",""
"Cameroon","Female 15-49 yr","2000","WHO_Reproductive Health Indicators Database_Jul2007 (International estimate)","Maternal deaths per 100,000 live births","730",""
"Canada","Female 15-49 yr","2000","WHO_Reproductive Health Indicators Database_Jul2007 (International estimate)","Maternal deaths per 100,000 live births","6",""
"Cape Verde","Female 15-49 yr","2000","WHO_Reproductive Health Indicators Database_Jul2007 (International estimate)","Maternal deaths per 100,000 live births","150",""
"Central African Republic","Female 15-49 yr","2000","WHO_Reproductive Health Indicators Database_Jul2007 (International estimate)","Maternal deaths per 100,000 live births","1100",""
"Chad","Female 15-49 yr","2000","WHO_Reproductive Health Indicators Database_Jul2007 (International estimate)","Maternal deaths per 100,000 live births","1100",""
"Chile","Female 15-49 yr","2000","WHO_Reproductive Health Indicators Database_Jul2007 (International estimate)","Maternal deaths per 100,000 live births","31",""
"China","Female 15-49 yr","2000","WHO_Reproductive Health Indicators Database_Jul2007 (International estimate)","Maternal deaths per 100,000 live births","56",""
"Colombia","Female 15-49 yr","2000","WHO_Reproductive Health Indicators Database_Jul2007 (International estimate)","Maternal deaths per 100,000 live births","130",""
"Comoros","Female 15-49 yr","2000","WHO_Reproductive Health Indicators Database_Jul2007 (International estimate)","Maternal deaths per 100,000 live births","480",""
"Congo","Female 15-49 yr","2000","WHO_Reproductive Health Indicators Database_Jul2007 (International estimate)","Maternal deaths per 100,000 live births","510",""
"Congo Dem. Rep.","Female 15-49 yr","2000","WHO_Reproductive Health Indicators Database_Jul2007 (International estimate)","Maternal deaths per 100,000 live births","990",""
"Costa Rica","Female 15-49 yr","2000","WHO_Reproductive Health Indicators Database_Jul2007 (International estimate)","Maternal deaths per 100,000 live births","43",""
"Côte d’Ivoire","Female 15-49 yr","2000","WHO_Reproductive Health Indicators Database_Jul2007 (International estimate)","Maternal deaths per 100,000 live births","690",""
"Croatia","Female 15-49 yr","2000","WHO_Reproductive Health Indicators Database_Jul2007 (International estimate)","Maternal deaths per 100,000 live births","8",""
"Cuba","Female 15-49 yr","2000","WHO_Reproductive Health Indicators Database_Jul2007 (International estimate)","Maternal deaths per 100,000 live births","33",""
"Cyprus","Female 15-49 yr","2000","WHO_Reproductive Health Indicators Database_Jul2007 (International estimate)","Maternal deaths per 100,000 live births","47",""
"Czech Republic","Female 15-49 yr","2000","WHO_Reproductive Health Indicators Database_Jul2007 (International estimate)","Maternal deaths per 100,000 live births","9",""
"Denmark","Female 15-49 yr","2000","WHO_Reproductive Health Indicators Database_Jul2007 (International estimate)","Maternal deaths per 100,000 live births","5",""
"Djibouti","Female 15-49 yr","2000","WHO_Reproductive Health Indicators Database_Jul2007 (International estimate)","Maternal deaths per 100,000 live births","730",""
"Dominican Republic","Female 15-49 yr","2000","WHO_Reproductive Health Indicators Database_Jul2007 (International estimate)","Maternal deaths per 100,000 live births","150",""
"Ecuador","Female 15-49 yr","2000","WHO_Reproductive Health Indicators Database_Jul2007 (International estimate)","Maternal deaths per 100,000 live births","130",""
"Egypt","Female 15-49 yr","2000","WHO_Reproductive Health Indicators Database_Jul2007 (International estimate)","Maternal deaths per 100,000 live births","84",""
"El Salvador","Female 15-49 yr","2000","WHO_Reproductive Health Indicators Database_Jul2007 (International estimate)","Maternal deaths per 100,000 live births","150",""
"Equatorial Guinea","Female 15-49 yr","2000","WHO_Reproductive Health Indicators Database_Jul2007 (International estimate)","Maternal deaths per 100,000 live births","880",""
"Eritrea","Female 15-49 yr","2000","WHO_Reproductive Health Indicators Database_Jul2007 (International estimate)","Maternal deaths per 100,000 live births","630",""
"Estonia","Female 15-49 yr","2000","WHO_Reproductive Health Indicators Database_Jul2007 (International estimate)","Maternal deaths per 100,000 live births","63",""
"Ethiopia","Female 15-49 yr","2000","WHO_Reproductive Health Indicators Database_Jul2007 (International estimate)","Maternal deaths per 100,000 live births","850",""
"Fiji","Female 15-49 yr","2000","WHO_Reproductive Health Indicators Database_Jul2007 (International estimate)","Maternal deaths per 100,000 live births","75",""
"Finland","Female 15-49 yr","2000","WHO_Reproductive Health Indicators Database_Jul2007 (International estimate)","Maternal deaths per 100,000 live births","6",""
"France","Female 15-49 yr","2000","WHO_Reproductive Health Indicators Database_Jul2007 (International estimate)","Maternal deaths per 100,000 live births","17",""
"Gabon","Female 15-49 yr","2000","WHO_Reproductive Health Indicators Database_Jul2007 (International estimate)","Maternal deaths per 100,000 live births","420",""
"Gambia The","Female 15-49 yr","2000","WHO_Reproductive Health Indicators Database_Jul2007 (International estimate)","Maternal deaths per 100,000 live births","540",""
"Georgia","Female 15-49 yr","2000","WHO_Reproductive Health Indicators Database_Jul2007 (International estimate)","Maternal deaths per 100,000 live births","32",""
"Germany","Female 15-49 yr","2000","WHO_Reproductive Health Indicators Database_Jul2007 (International estimate)","Maternal deaths per 100,000 live births","8",""
"Ghana","Female 15-49 yr","2000","WHO_Reproductive Health Indicators Database_Jul2007 (International estimate)","Maternal deaths per 100,000 live births","540",""
"Greece","Female 15-49 yr","2000","WHO_Reproductive Health Indicators Database_Jul2007 (International estimate)","Maternal deaths per 100,000 live births","9",""
"Guatemala","Female 15-49 yr","2000","WHO_Reproductive Health Indicators Database_Jul2007 (International estimate)","Maternal deaths per 100,000 live births","240",""
"Guinea","Female 15-49 yr","2000","WHO_Reproductive Health Indicators Database_Jul2007 (International estimate)","Maternal deaths per 100,000 live births","740",""
"Guinea-Bissau","Female 15-49 yr","2000","WHO_Reproductive Health Indicators Database_Jul2007 (International estimate)","Maternal deaths per 100,000 live births","1100",""
"Guyana","Female 15-49 yr","2000","WHO_Reproductive Health Indicators Database_Jul2007 (International estimate)","Maternal deaths per 100,000 live births","170",""
"Haiti","Female 15-49 yr","2000","WHO_Reproductive Health Indicators Database_Jul2007 (International estimate)","Maternal deaths per 100,000 live births","680",""
"Honduras","Female 15-49 yr","2000","WHO_Reproductive Health Indicators Database_Jul2007 (International estimate)","Maternal deaths per 100,000 live births","110",""
"Hungary","Female 15-49 yr","2000","WHO_Reproductive Health Indicators Database_Jul2007 (International estimate)","Maternal deaths per 100,000 live births","16",""
"Iceland","Female 15-49 yr","2000","WHO_Reproductive Health Indicators Database_Jul2007 (International estimate)","Maternal deaths per 100,000 live births","0",""
"India","Female 15-49 yr","2000","WHO_Reproductive Health Indicators Database_Jul2007 (International estimate)","Maternal deaths per 100,000 live births","540",""
"Indonesia","Female 15-49 yr","2000","WHO_Reproductive Health Indicators Database_Jul2007 (International estimate)","Maternal deaths per 100,000 live births","230",""
"Iran","Female 15-49 yr","2000","WHO_Reproductive Health Indicators Database_Jul2007 (International estimate)","Maternal deaths per 100,000 live births","76",""
"Iraq","Female 15-49 yr","2000","WHO_Reproductive Health Indicators Database_Jul2007 (International estimate)","Maternal deaths per 100,000 live births","250",""
"Ireland","Female 15-49 yr","2000","WHO_Reproductive Health Indicators Database_Jul2007 (International estimate)","Maternal deaths per 100,000 live births","5",""
"Israel","Female 15-49 yr","2000","WHO_Reproductive Health Indicators Database_Jul2007 (International estimate)","Maternal deaths per 100,000 live births","17",""
"Italy","Female 15-49 yr","2000","WHO_Reproductive Health Indicators Database_Jul2007 (International estimate)","Maternal deaths per 100,000 live births","5",""
"Jamaica","Female 15-49 yr","2000","WHO_Reproductive Health Indicators Database_Jul2007 (International estimate)","Maternal deaths per 100,000 live births","87",""
"Japan","Female 15-49 yr","2000","WHO_Reproductive Health Indicators Database_Jul2007 (International estimate)","Maternal deaths per 100,000 live births","10",""
"Jordan","Female 15-49 yr","2000","WHO_Reproductive Health Indicators Database_Jul2007 (International estimate)","Maternal deaths per 100,000 live births","41",""
"Kazakhstan","Female 15-49 yr","2000","WHO_Reproductive Health Indicators Database_Jul2007 (International estimate)","Maternal deaths per 100,000 live births","210",""
"Kenya","Female 15-49 yr","2000","WHO_Reproductive Health Indicators Database_Jul2007 (International estimate)","Maternal deaths per 100,000 live births","1000",""
"Korea DPR","Female 15-49 yr","2000","WHO_Reproductive Health Indicators Database_Jul2007 (International estimate)","Maternal deaths per 100,000 live births","67",""
"Korea Rep","Female 15-49 yr","2000","WHO_Reproductive Health Indicators Database_Jul2007 (International estimate)","Maternal deaths per 100,000 live births","20",""
"Kuwait","Female 15-49 yr","2000","WHO_Reproductive Health Indicators Database_Jul2007 (International estimate)","Maternal deaths per 100,000 live births","5",""
"Kyrgyzstan","Female 15-49 yr","2000","WHO_Reproductive Health Indicators Database_Jul2007 (International estimate)","Maternal deaths per 100,000 live births","110",""
"Lao PDR","Female 15-49 yr","2000","WHO_Reproductive Health Indicators Database_Jul2007 (International estimate)","Maternal deaths per 100,000 live births","650",""
"Latvia","Female 15-49 yr","2000","WHO_Reproductive Health Indicators Database_Jul2007 (International estimate)","Maternal deaths per 100,000 live births","42",""
"Lebanon","Female 15-49 yr","2000","WHO_Reproductive Health Indicators Database_Jul2007 (International estimate)","Maternal deaths per 100,000 live births","150",""
"Lesotho","Female 15-49 yr","2000","WHO_Reproductive Health Indicators Database_Jul2007 (International estimate)","Maternal deaths per 100,000 live births","550",""
"Liberia","Female 15-49 yr","2000","WHO_Reproductive Health Indicators Database_Jul2007 (International estimate)","Maternal deaths per 100,000 live births","760",""
"Libya","Female 15-49 yr","2000","WHO_Reproductive Health Indicators Database_Jul2007 (International estimate)","Maternal deaths per 100,000 live births","97",""
"Lithuania","Female 15-49 yr","2000","WHO_Reproductive Health Indicators Database_Jul2007 (International estimate)","Maternal deaths per 100,000 live births","19",""
"Luxembourg","Female 15-49 yr","2000","WHO_Reproductive Health Indicators Database_Jul2007 (International estimate)","Maternal deaths per 100,000 live births","28",""
"Macedonia","Female 15-49 yr","2000","WHO_Reproductive Health Indicators Database_Jul2007 (International estimate)","Maternal deaths per 100,000 live births","23",""
"Madagascar","Female 15-49 yr","2000","WHO_Reproductive Health Indicators Database_Jul2007 (International estimate)","Maternal deaths per 100,000 live births","550",""
"Malawi","Female 15-49 yr","2000","WHO_Reproductive Health Indicators Database_Jul2007 (International estimate)","Maternal deaths per 100,000 live births","1800",""
"Malaysia","Female 15-49 yr","2000","WHO_Reproductive Health Indicators Database_Jul2007 (International estimate)","Maternal deaths per 100,000 live births","41",""
"Maldives","Female 15-49 yr","2000","WHO_Reproductive Health Indicators Database_Jul2007 (International estimate)","Maternal deaths per 100,000 live births","110",""
"Mali","Female 15-49 yr","2000","WHO_Reproductive Health Indicators Database_Jul2007 (International estimate)","Maternal deaths per 100,000 live births","1200",""
"Malta","Female 15-49 yr","2000","WHO_Reproductive Health Indicators Database_Jul2007 (International estimate)","Maternal deaths per 100,000 live births","21",""
"Mauritania","Female 15-49 yr","2000","WHO_Reproductive Health Indicators Database_Jul2007 (International estimate)","Maternal deaths per 100,000 live births","1000",""
"Mauritius","Female 15-49 yr","2000","WHO_Reproductive Health Indicators Database_Jul2007 (International estimate)","Maternal deaths per 100,000 live births","24",""
"Mexico","Female 15-49 yr","2000","WHO_Reproductive Health Indicators Database_Jul2007 (International estimate)","Maternal deaths per 100,000 live births","83",""
"Mongolia","Female 15-49 yr","2000","WHO_Reproductive Health Indicators Database_Jul2007 (International estimate)","Maternal deaths per 100,000 live births","110",""
"Morocco","Female 15-49 yr","2000","WHO_Reproductive Health Indicators Database_Jul2007 (International estimate)","Maternal deaths per 100,000 live births","220",""
"Mozambique","Female 15-49 yr","2000","WHO_Reproductive Health Indicators Database_Jul2007 (International estimate)","Maternal deaths per 100,000 live births","1000",""
"Myanmar","Female 15-49 yr","2000","WHO_Reproductive Health Indicators Database_Jul2007 (International estimate)","Maternal deaths per 100,000 live births","360",""
"Namibia","Female 15-49 yr","2000","WHO_Reproductive Health Indicators Database_Jul2007 (International estimate)","Maternal deaths per 100,000 live births","300",""
"Nepal","Female 15-49 yr","2000","WHO_Reproductive Health Indicators Database_Jul2007 (International estimate)","Maternal deaths per 100,000 live births","740",""
"Netherlands","Female 15-49 yr","2000","WHO_Reproductive Health Indicators Database_Jul2007 (International estimate)","Maternal deaths per 100,000 live births","16",""
"New Zealand","Female 15-49 yr","2000","WHO_Reproductive Health Indicators Database_Jul2007 (International estimate)","Maternal deaths per 100,000 live births","7",""
"Nicaragua","Female 15-49 yr","2000","WHO_Reproductive Health Indicators Database_Jul2007 (International estimate)","Maternal deaths per 100,000 live births","230",""
"Niger","Female 15-49 yr","2000","WHO_Reproductive Health Indicators Database_Jul2007 (International estimate)","Maternal deaths per 100,000 live births","1600",""
"Nigeria","Female 15-49 yr","2000","WHO_Reproductive Health Indicators Database_Jul2007 (International estimate)","Maternal deaths per 100,000 live births","800",""
"Norway","Female 15-49 yr","2000","WHO_Reproductive Health Indicators Database_Jul2007 (International estimate)","Maternal deaths per 100,000 live births","16",""
"Oman","Female 15-49 yr","2000","WHO_Reproductive Health Indicators Database_Jul2007 (International estimate)","Maternal deaths per 100,000 live births","87",""
"Pakistan","Female 15-49 yr","2000","WHO_Reproductive Health Indicators Database_Jul2007 (International estimate)","Maternal deaths per 100,000 live births","500",""
"Palestinian Territory, Occupied","Female 15-49 yr","2000","WHO_Reproductive Health Indicators Database_Jul2007 (International estimate)","Maternal deaths per 100,000 live births","100",""
"Panama","Female 15-49 yr","2000","WHO_Reproductive Health Indicators Database_Jul2007 (International estimate)","Maternal deaths per 100,000 live births","160",""
"Papua New Guinea","Female 15-49 yr","2000","WHO_Reproductive Health Indicators Database_Jul2007 (International estimate)","Maternal deaths per 100,000 live births","300",""
"Paraguay","Female 15-49 yr","2000","WHO_Reproductive Health Indicators Database_Jul2007 (International estimate)","Maternal deaths per 100,000 live births","170",""
"Peru","Female 15-49 yr","2000","WHO_Reproductive Health Indicators Database_Jul2007 (International estimate)","Maternal deaths per 100,000 live births","410",""
"Philippines","Female 15-49 yr","2000","WHO_Reproductive Health Indicators Database_Jul2007 (International estimate)","Maternal deaths per 100,000 live births","200",""
"Poland","Female 15-49 yr","2000","WHO_Reproductive Health Indicators Database_Jul2007 (International estimate)","Maternal deaths per 100,000 live births","13",""
"Portugal","Female 15-49 yr","2000","WHO_Reproductive Health Indicators Database_Jul2007 (International estimate)","Maternal deaths per 100,000 live births","5",""
"Puerto Rico","Female 15-49 yr","2000","WHO_Reproductive Health Indicators Database_Jul2007 (International estimate)","Maternal deaths per 100,000 live births","25",""
"Qatar","Female 15-49 yr","2000","WHO_Reproductive Health Indicators Database_Jul2007 (International estimate)","Maternal deaths per 100,000 live births","7",""
"Republic of Moldova","Female 15-49 yr","2000","WHO_Reproductive Health Indicators Database_Jul2007 (International estimate)","Maternal deaths per 100,000 live births","36",""
"Reunion","Female 15-49 yr","2000","WHO_Reproductive Health Indicators Database_Jul2007 (International estimate)","Maternal deaths per 100,000 live births","41",""
"Romania","Female 15-49 yr","2000","WHO_Reproductive Health Indicators Database_Jul2007 (International estimate)","Maternal deaths per 100,000 live births","49",""
"Russian Federation","Female 15-49 yr","2000","WHO_Reproductive Health Indicators Database_Jul2007 (International estimate)","Maternal deaths per 100,000 live births","67",""
"Rwanda","Female 15-49 yr","2000","WHO_Reproductive Health Indicators Database_Jul2007 (International estimate)","Maternal deaths per 100,000 live births","1400",""
"Saudi Arabia","Female 15-49 yr","2000","WHO_Reproductive Health Indicators Database_Jul2007 (International estimate)","Maternal deaths per 100,000 live births","23",""
"Senegal","Female 15-49 yr","2000","WHO_Reproductive Health Indicators Database_Jul2007 (International estimate)","Maternal deaths per 100,000 live births","690",""
"Serbia and Montenegro","Female 15-49 yr","2000","WHO_Reproductive Health Indicators Database_Jul2007 (International estimate)","Maternal deaths per 100,000 live births","11",""
"Sierra Leone","Female 15-49 yr","2000","WHO_Reproductive Health Indicators Database_Jul2007 (International estimate)","Maternal deaths per 100,000 live births","2000",""
"Singapore","Female 15-49 yr","2000","WHO_Reproductive Health Indicators Database_Jul2007 (International estimate)","Maternal deaths per 100,000 live births","30",""
"Slovakia","Female 15-49 yr","2000","WHO_Reproductive Health Indicators Database_Jul2007 (International estimate)","Maternal deaths per 100,000 live births","3",""
"Slovenia","Female 15-49 yr","2000","WHO_Reproductive Health Indicators Database_Jul2007 (International estimate)","Maternal deaths per 100,000 live births","17",""
"Solomon Islands","Female 15-49 yr","2000","WHO_Reproductive Health Indicators Database_Jul2007 (International estimate)","Maternal deaths per 100,000 live births","130",""
"Somalia","Female 15-49 yr","2000","WHO_Reproductive Health Indicators Database_Jul2007 (International estimate)","Maternal deaths per 100,000 live births","1100",""
"South Africa","Female 15-49 yr","2000","WHO_Reproductive Health Indicators Database_Jul2007 (International estimate)","Maternal deaths per 100,000 live births","230",""
"Spain","Female 15-49 yr","2000","WHO_Reproductive Health Indicators Database_Jul2007 (International estimate)","Maternal deaths per 100,000 live births","4",""
"Sri Lanka","Female 15-49 yr","2000","WHO_Reproductive Health Indicators Database_Jul2007 (International estimate)","Maternal deaths per 100,000 live births","92",""
"Sudan","Female 15-49 yr","2000","WHO_Reproductive Health Indicators Database_Jul2007 (International estimate)","Maternal deaths per 100,000 live births","590",""
"Suriname","Female 15-49 yr","2000","WHO_Reproductive Health Indicators Database_Jul2007 (International estimate)","Maternal deaths per 100,000 live births","110",""
"Swaziland","Female 15-49 yr","2000","WHO_Reproductive Health Indicators Database_Jul2007 (International estimate)","Maternal deaths per 100,000 live births","370",""
"Sweden","Female 15-49 yr","2000","WHO_Reproductive Health Indicators Database_Jul2007 (International estimate)","Maternal deaths per 100,000 live births","2",""
"Switzerland","Female 15-49 yr","2000","WHO_Reproductive Health Indicators Database_Jul2007 (International estimate)","Maternal deaths per 100,000 live births","7",""
"Syria","Female 15-49 yr","2000","WHO_Reproductive Health Indicators Database_Jul2007 (International estimate)","Maternal deaths per 100,000 live births","160",""
"Tajikistan","Female 15-49 yr","2000","WHO_Reproductive Health Indicators Database_Jul2007 (International estimate)","Maternal deaths per 100,000 live births","100",""
"Tanzania","Female 15-49 yr","2000","WHO_Reproductive Health Indicators Database_Jul2007 (International estimate)","Maternal deaths per 100,000 live births","1500",""
"Thailand","Female 15-49 yr","2000","WHO_Reproductive Health Indicators Database_Jul2007 (International estimate)","Maternal deaths per 100,000 live births","44",""
"Timor Leste","Female 15-49 yr","2000","WHO_Reproductive Health Indicators Database_Jul2007 (International estimate)","Maternal deaths per 100,000 live births","660",""
"Togo","Female 15-49 yr","2000","WHO_Reproductive Health Indicators Database_Jul2007 (International estimate)","Maternal deaths per 100,000 live births","570",""
"Trinidad and Tobago","Female 15-49 yr","2000","WHO_Reproductive Health Indicators Database_Jul2007 (International estimate)","Maternal deaths per 100,000 live births","160",""
"Tunisia","Female 15-49 yr","2000","WHO_Reproductive Health Indicators Database_Jul2007 (International estimate)","Maternal deaths per 100,000 live births","120",""
"Turkey","Female 15-49 yr","2000","WHO_Reproductive Health Indicators Database_Jul2007 (International estimate)","Maternal deaths per 100,000 live births","70",""
"Turkmenistan","Female 15-49 yr","2000","WHO_Reproductive Health Indicators Database_Jul2007 (International estimate)","Maternal deaths per 100,000 live births","31",""
"Uganda","Female 15-49 yr","2000","WHO_Reproductive Health Indicators Database_Jul2007 (International estimate)","Maternal deaths per 100,000 live births","880",""
"Ukraine","Female 15-49 yr","2000","WHO_Reproductive Health Indicators Database_Jul2007 (International estimate)","Maternal deaths per 100,000 live births","35",""
"United Arab Emirates","Female 15-49 yr","2000","WHO_Reproductive Health Indicators Database_Jul2007 (International estimate)","Maternal deaths per 100,000 live births","54",""
"United Kingdom","Female 15-49 yr","2000","WHO_Reproductive Health Indicators Database_Jul2007 (International estimate)","Maternal deaths per 100,000 live births","13",""
"United States of America","Female 15-49 yr","2000","WHO_Reproductive Health Indicators Database_Jul2007 (International estimate)","Maternal deaths per 100,000 live births","17",""
"Uruguay","Female 15-49 yr","2000","WHO_Reproductive Health Indicators Database_Jul2007 (International estimate)","Maternal deaths per 100,000 live births","27",""
"Uzbekistan","Female 15-49 yr","2000","WHO_Reproductive Health Indicators Database_Jul2007 (International estimate)","Maternal deaths per 100,000 live births","24",""
"Venezuela","Female 15-49 yr","2000","WHO_Reproductive Health Indicators Database_Jul2007 (International estimate)","Maternal deaths per 100,000 live births","96",""
"Vietnam","Female 15-49 yr","2000","WHO_Reproductive Health Indicators Database_Jul2007 (International estimate)","Maternal deaths per 100,000 live births","130",""
"Yemen","Female 15-49 yr","2000","WHO_Reproductive Health Indicators Database_Jul2007 (International estimate)","Maternal deaths per 100,000 live births","570",""
"Zambia","Female 15-49 yr","2000","WHO_Reproductive Health Indicators Database_Jul2007 (International estimate)","Maternal deaths per 100,000 live births","750",""
"Zimbabwe","Female 15-49 yr","2000","WHO_Reproductive Health Indicators Database_Jul2007 (International estimate)","Maternal deaths per 100,000 live births","1100",""

